{"inputUnits":[7],"outputUnits":3,"inputs":{"bass":{"dtype":"number","min":87.68518518518519,"max":339.43750000000006},"lowMid":{"dtype":"number","min":193.30555555555557,"max":312.9583333333333},"mid":{"dtype":"number","min":126.29239766081868,"max":228.51447368421051},"highMid":{"dtype":"number","min":156.14186507936506,"max":250.72321428571428},"treble":{"dtype":"number","min":117.32742316784872,"max":186.27293882978722},"centroid":{"dtype":"number","min":8203.441302346715,"max":11725.757218826797},"rms":{"dtype":"number","min":96.93161391168424,"max":163.9745017584994}},"outputs":{"label":{"dtype":"string","min":0,"max":1,"uniqueValues":["kick","snare","hihat"],"legend":{"kick":[1,0,0],"snare":[0,1,0],"hihat":[0,0,1]}}},"isNormalized":true}